<?xml version="1.0" encoding="UTF-8"?>
<project-private xmlns="http://www.netbeans.org/ns/project-private/1">
    <editor-bookmarks xmlns="http://www.netbeans.org/ns/editor-bookmarks/2" lastBookmarkId="0"/>
    <open-files xmlns="http://www.netbeans.org/ns/projectui-open-files/2">
        <group>
            <file>file:/H:/Project/Project/src/project/adminP.java</file>
            <file>file:/H:/Project/Project/src/project/main.java</file>
            <file>file:/H:/Project/Project/src/project/login.java</file>
            <file>file:/H:/Project/Project/src/project/home.java</file>
            <file>file:/H:/Project/Project/src/project/DBConnection.java</file>
            <file>file:/H:/Project/Project/src/project/AddUser.java</file>
        </group>
    </open-files>
</project-private>
